City_ID,City,Country,Date,Lat,Lng,Max Temp,Humidity,Cloudiness,Wind Speed
0,Vanimo,PG,2021-01-11 01:11:55,-2.6741,141.3028,84.58,70,100,2.95
1,Sao Filipe,CV,2021-01-11 01:06:54,14.8961,-24.4956,70.86,71,100,17.76
2,Tiksi,RU,2021-01-11 01:11:44,71.6872,128.8694,-20.56,85,100,17.34
3,Erechim,BR,2021-01-11 01:20:17,-27.6342,-52.2739,78.8,78,20,4.61
4,Khowst,AF,2021-01-11 01:20:17,33.3833,69.8833,39.13,35,0,4.97
5,Saginaw,US,2021-01-11 01:15:43,43.3334,-84.0333,28.99,86,90,3.44
6,Vila Franca Do Campo,PT,2021-01-11 01:11:40,37.7167,-25.4333,55.4,94,75,10.36
7,Comodoro Rivadavia,AR,2021-01-11 01:07:14,-45.8667,-67.5,62.6,25,20,23.02
8,Denpasar,ID,2021-01-11 01:20:13,-8.65,115.2167,82.4,83,40,2.3
9,Tasiilaq,GL,2021-01-11 01:11:41,65.6145,-37.6368,19.4,58,90,1.14
10,Arraial Do Cabo,BR,2021-01-11 01:11:42,-22.9661,-42.0278,76.87,90,3,16.78
11,Punta Arenas,CL,2021-01-11 01:06:50,-53.15,-70.9167,46.4,66,90,11.5
12,Lerwick,GB,2021-01-11 01:20:18,60.1545,-1.1494,35.6,93,90,2.3
13,Rikitea,PF,2021-01-11 01:11:35,-23.1203,-134.9692,78.35,78,38,16.4
14,Hilo,US,2021-01-11 01:11:37,19.7297,-155.09,82.4,54,1,10.36
15,Albany,US,2021-01-11 01:11:36,42.6001,-73.9662,19.99,93,20,3.44
16,Barrow,US,2021-01-11 01:11:36,71.2906,-156.7887,5.0,78,90,5.75
17,Tuktoyaktuk,CA,2021-01-11 01:11:42,69.4541,-133.0374,1.4,85,75,11.5
18,Guane,CU,2021-01-11 01:20:18,22.2025,-84.0875,62.74,80,0,6.58
19,Faanui,PF,2021-01-11 01:11:56,-16.4833,-151.75,80.71,74,100,16.42
20,Victoria,HK,2021-01-11 01:08:05,22.2855,114.1577,51.01,48,100,1.99
21,Busselton,AU,2021-01-11 01:11:36,-33.65,115.3333,66.0,59,4,1.99
22,Berlevag,NO,2021-01-11 01:11:47,70.8578,29.0864,13.59,94,52,22.5
23,Avarua,CK,2021-01-11 01:11:38,-21.2078,-159.775,84.2,74,40,13.8
24,Port Lincoln,AU,2021-01-11 01:11:41,-34.7333,135.8667,83.44,31,100,19.48
25,Mahebourg,MU,2021-01-11 01:11:38,-20.4081,57.7,78.8,94,75,4.61
26,Derzhavinsk,KZ,2021-01-11 01:20:18,51.1,66.3167,15.42,95,100,16.78
27,Nakamura,JP,2021-01-11 01:20:18,32.9833,132.9333,40.66,65,100,3.58
28,Tevaitoa,PF,2021-01-11 01:20:19,-16.7833,-151.5,80.51,76,99,15.79
29,Coquimbo,CL,2021-01-11 01:09:09,-29.9533,-71.3436,59.0,88,0,5.75
30,Nantucket,US,2021-01-11 01:20:19,41.2835,-70.0995,26.6,80,1,8.14
31,Kaitangata,NZ,2021-01-11 01:11:47,-46.2817,169.8464,60.01,53,100,8.99
32,Pasighat,IN,2021-01-11 01:20:19,28.0667,95.3333,62.4,69,92,0.98
33,Ayagoz,KZ,2021-01-11 01:20:19,47.9714,80.4392,9.64,88,100,5.79
34,Ushuaia,AR,2021-01-11 01:11:35,-54.8,-68.3,42.8,70,75,20.71
35,Otavi,NA,2021-01-11 01:20:19,-19.65,17.3333,66.76,83,100,9.91
36,Xifeng,CN,2021-01-11 01:20:19,42.7372,124.7222,5.86,87,100,4.97
37,Nagorsk,RU,2021-01-11 01:20:19,59.3172,50.8078,-3.93,89,100,11.18
38,Saint-Denis,FR,2021-01-11 01:19:41,48.9167,2.3333,33.01,93,0,1.14
39,Puerto Ayora,EC,2021-01-11 01:11:39,-0.7393,-90.3518,73.99,91,0,3.0
40,Port Alfred,ZA,2021-01-11 01:11:42,-33.5906,26.891,66.0,85,83,1.01
41,Norman Wells,CA,2021-01-11 01:11:49,65.282,-126.8329,6.8,92,75,3.44
42,Katsuura,JP,2021-01-11 01:11:54,35.1333,140.3,39.99,38,100,5.01
43,Butaritari,KI,2021-01-11 01:11:35,3.0707,172.7902,80.94,82,52,15.88
44,Olafsvik,IS,2021-01-11 01:11:44,64.8945,-23.7142,25.81,89,0,18.95
45,Severo-Kurilsk,RU,2021-01-11 01:11:46,50.6789,156.125,20.32,89,100,22.55
46,Kapaa,US,2021-01-11 01:06:59,22.0752,-159.319,78.8,73,40,13.8
47,Simian,RO,2021-01-11 01:20:20,44.6142,22.7072,34.65,93,100,12.44
48,Smolyaninovo,RU,2021-01-11 01:20:20,43.2956,132.4675,-0.4,71,0,2.24
49,Kudahuvadhoo,MV,2021-01-11 01:11:52,2.6708,72.8944,81.12,72,100,12.66
50,Atikokan,CA,2021-01-11 01:20:20,48.7555,-91.6216,23.7,96,100,9.06
51,Caravelas,BR,2021-01-11 01:11:50,-17.7125,-39.2481,76.91,87,21,6.87
52,Bethel,US,2021-01-11 01:11:45,41.3712,-73.414,28.99,68,1,3.94
53,Bheramara,BD,2021-01-11 01:20:20,24.0232,88.9925,65.5,66,79,5.08
54,Kalengwa,ZM,2021-01-11 01:20:20,-13.4659,25.0027,64.53,98,100,8.28
55,Klaksvik,FO,2021-01-11 01:20:20,62.2266,-6.589,30.2,69,75,13.8
56,Isangel,VU,2021-01-11 01:11:52,-19.55,169.2667,84.2,84,90,9.22
57,Chapais,CA,2021-01-11 01:11:44,49.7834,-74.8492,15.8,92,90,6.91
58,Xining,CN,2021-01-11 01:10:04,36.6167,101.7667,0.43,62,0,3.58
59,Pundaguitan,PH,2021-01-11 01:20:20,6.3711,126.1689,81.72,80,100,16.37
60,Komsomolskiy,UZ,2021-01-11 01:11:41,40.4272,71.7189,19.4,68,0,2.3
61,Saint-Leu,RE,2021-01-11 01:20:20,-21.15,55.2833,77.0,94,75,8.05
62,Saint-Philippe,RE,2021-01-11 01:11:34,-21.3585,55.7679,77.0,94,75,8.05
63,Sheridan,US,2021-01-11 01:20:20,44.8333,-106.9173,17.6,86,1,8.05
64,Castro,BR,2021-01-11 01:11:41,-24.7911,-50.0119,66.29,97,100,7.81
65,Kodiak,US,2021-01-11 01:11:38,57.79,-152.4072,39.2,81,90,9.22
66,Atuona,PF,2021-01-11 01:11:36,-9.8,-139.0333,77.74,80,100,13.82
67,Pevek,RU,2021-01-11 01:11:53,69.7008,170.3133,-26.73,87,100,3.56
68,Chuy,UY,2021-01-11 01:07:04,-33.6971,-53.4616,73.81,91,41,14.83
69,Peterhead,GB,2021-01-11 01:12:00,57.5058,-1.7981,41.0,87,100,8.05
70,Shar,KZ,2021-01-11 01:20:21,49.5886,81.0453,9.18,86,99,24.67
71,Hobart,AU,2021-01-11 01:06:51,-42.8794,147.3294,88.0,26,0,9.22
72,Venado Tuerto,AR,2021-01-11 01:20:20,-33.7456,-61.9688,79.0,56,3,3.0
73,Thompson,CA,2021-01-11 01:11:35,55.7435,-97.8558,10.4,92,1,3.44
74,Nouadhibou,MR,2021-01-11 01:12:01,20.931,-17.0347,62.6,72,24,19.57
75,Bonoua,CI,2021-01-11 01:20:21,5.2741,-3.595,80.6,94,20,4.61
76,Dwarka,IN,2021-01-11 01:11:50,22.2394,68.9678,67.01,56,0,16.04
77,Dunedin,NZ,2021-01-11 01:20:21,-45.8742,170.5036,59.92,56,83,10.33
78,High Level,CA,2021-01-11 01:20:21,58.5169,-117.136,8.6,100,1,2.3
79,Kawalu,ID,2021-01-11 01:20:21,-7.3817,108.2082,79.9,77,75,0.89
80,Loncoche,CL,2021-01-11 01:20:21,-39.3667,-72.6333,53.6,100,90,4.61
81,Port Macquarie,AU,2021-01-11 01:20:21,-31.4333,152.9167,82.0,48,77,1.01
82,Saskylakh,RU,2021-01-11 01:11:35,71.9167,114.0833,-8.48,87,100,16.8
83,Acari,PE,2021-01-11 01:20:21,-15.4311,-74.6158,71.46,70,100,3.91
84,Whitehorse,CA,2021-01-11 01:11:58,60.7161,-135.0538,30.2,80,90,21.85
85,Ponta Do Sol,PT,2021-01-11 01:11:40,32.6667,-17.1,52.0,68,3,1.99
86,Carnarvon,AU,2021-01-11 01:11:39,-24.8667,113.6333,82.4,57,0,20.71
87,Namibe,AO,2021-01-11 01:20:21,-15.1961,12.1522,69.84,72,11,5.48
88,Ugoofaaru,MV,2021-01-11 01:12:04,5.6667,73.0,81.21,73,100,7.76
89,Yellowknife,CA,2021-01-11 01:07:22,62.456,-114.3525,5.0,92,75,8.05
90,Waingapu,ID,2021-01-11 01:20:22,-9.6567,120.2641,83.86,70,99,0.76
91,Hermanus,ZA,2021-01-11 01:11:34,-34.4187,19.2345,63.0,82,21,1.99
92,Bagdarin,RU,2021-01-11 01:20:22,54.4333,113.6,-12.96,82,42,2.91
93,Saint Anthony,US,2021-01-11 01:11:43,45.0205,-93.218,25.0,100,1,4.88
94,Torbay,CA,2021-01-11 01:11:55,47.6666,-52.7314,33.01,100,90,26.46
95,Bluff,NZ,2021-01-11 01:11:35,-46.6,168.3333,61.0,61,93,15.99
96,Wageningen,NL,2021-01-11 01:20:22,51.9667,5.6667,39.0,93,90,10.36
97,Baton Rouge,US,2021-01-11 01:20:22,30.4508,-91.1545,43.0,75,90,8.05
98,Mataura,NZ,2021-01-11 01:11:39,-46.1927,168.8643,61.0,61,81,15.99
99,Bambous Virieux,MU,2021-01-11 01:11:36,-20.3428,57.7575,78.8,94,75,4.61
100,Vaini,TO,2021-01-11 01:11:37,-21.2,-175.2,84.2,79,75,10.36
101,Celestun,MX,2021-01-11 01:20:22,20.8667,-90.4,71.71,70,68,12.84
102,Georgetown,MY,2021-01-11 01:11:39,5.4112,100.3354,77.0,78,20,2.3
103,Pyu,MM,2021-01-11 01:20:22,18.4833,96.4333,70.38,85,33,6.26
104,Talnakh,RU,2021-01-11 01:07:26,69.4865,88.3972,-15.52,87,100,7.18
105,Okahandja,NA,2021-01-11 01:20:22,-21.9833,16.9167,64.99,94,100,4.61
106,Airai,TL,2021-01-11 01:11:52,-8.9266,125.4092,71.96,88,0,1.43
107,Alice Springs,AU,2021-01-11 01:12:14,-23.7,133.8833,89.6,31,0,10.36
108,Novoagansk,RU,2021-01-11 01:20:23,61.9449,76.6625,-26.39,86,0,7.05
109,Okitipupa,NG,2021-01-11 01:20:23,6.5047,4.7839,75.09,97,29,1.39
110,Channel-Port Aux Basques,CA,2021-01-11 01:20:23,47.5702,-59.1367,30.99,94,97,16.24
111,Mailsi,PK,2021-01-11 01:20:23,29.8003,72.1758,50.45,42,0,4.29
112,Guiratinga,BR,2021-01-11 01:20:23,-16.3494,-53.7583,76.17,81,63,1.77
113,Mount Isa,AU,2021-01-11 01:11:46,-20.7333,139.5,89.6,45,0,5.75
114,Charters Towers,AU,2021-01-11 01:20:23,-20.1,146.2667,81.23,69,79,12.03
115,Parati,BR,2021-01-11 01:20:23,-23.2178,-44.7131,76.23,85,100,2.19
116,Alugan,PH,2021-01-11 01:20:23,12.2188,125.4808,79.47,85,99,17.43
117,Coihaique,CL,2021-01-11 01:20:23,-45.5752,-72.0662,42.8,75,75,5.75
118,Vardo,NO,2021-01-11 01:11:55,70.3705,31.1107,19.58,95,100,24.23
119,Waitati,NZ,2021-01-11 01:20:23,-45.75,170.5667,63.0,49,76,6.71
120,Fairbanks,US,2021-01-11 01:11:14,64.8378,-147.7164,21.2,79,75,4.61
121,Khatanga,RU,2021-01-11 01:07:03,71.9667,102.5,-8.86,90,100,16.55
122,Jamestown,US,2021-01-11 01:11:34,42.097,-79.2353,27.0,93,1,4.61
123,Chokurdakh,RU,2021-01-11 01:11:44,70.6333,147.9167,-33.27,84,1,8.79
124,Manggar,ID,2021-01-11 01:12:14,-2.8833,108.2667,79.93,82,100,8.48
125,Valparaiso,CL,2021-01-11 01:18:29,-33.0393,-71.6273,66.2,55,0,9.22
126,Gravdal,NO,2021-01-11 01:20:23,68.1214,13.5031,31.35,90,25,15.59
127,Husavik,IS,2021-01-11 01:20:23,66.0449,-17.3389,17.6,73,90,5.75
128,Pangnirtung,CA,2021-01-11 01:11:49,66.1451,-65.7125,7.14,90,100,1.28
129,Sobolevo,RU,2021-01-11 01:20:24,54.4299,31.8996,8.53,96,98,2.95
130,Totskoye,RU,2021-01-11 01:20:24,52.5248,52.7623,9.95,95,45,5.39
131,Puerto Suarez,BO,2021-01-11 01:20:24,-18.95,-57.8,83.16,64,1,2.77
132,Coihueco,CL,2021-01-11 01:20:24,-36.6167,-71.8333,62.6,82,20,11.5
133,Porbandar,IN,2021-01-11 01:20:24,21.6422,69.6093,65.21,57,0,12.24
134,Sisimiut,GL,2021-01-11 01:11:49,66.9395,-53.6735,27.34,88,100,11.36
135,Cape Canaveral,US,2021-01-11 01:20:24,28.4058,-80.6048,55.4,87,75,6.91
136,Batagay,RU,2021-01-11 01:20:24,67.6333,134.6333,-32.73,82,70,3.31
137,Lebu,CL,2021-01-11 01:11:45,-37.6167,-73.65,56.03,87,95,6.62
138,Nemuro,JP,2021-01-11 01:12:11,43.3236,145.575,15.8,57,20,9.22
139,Tukrah,LY,2021-01-11 01:20:24,32.5341,20.5791,70.59,38,98,27.72
140,Ishigaki,JP,2021-01-11 01:08:07,24.3448,124.1572,62.6,63,75,14.97
141,Conde,BR,2021-01-11 01:20:25,-7.2597,-34.9075,78.8,78,20,5.75
142,Narsaq,GL,2021-01-11 01:11:40,60.9167,-46.05,42.8,31,90,23.02
143,Shingu,JP,2021-01-11 01:20:25,33.7333,135.9833,39.2,65,75,9.22
144,Cape Town,ZA,2021-01-11 01:11:31,-33.9258,18.4232,66.0,72,0,1.14
145,Ibra,OM,2021-01-11 01:17:29,22.6906,58.5334,44.02,61,0,3.65
146,Altay,CN,2021-01-11 01:20:25,47.8667,88.1167,4.96,80,99,1.41
147,Padang,ID,2021-01-11 01:19:53,-0.9492,100.3543,80.67,68,61,4.83
148,San Cristobal,VE,2021-01-11 01:11:58,7.7669,-72.225,65.91,90,58,2.13
149,Ponta Delgada,PT,2021-01-11 01:20:25,37.7333,-25.6667,55.4,94,75,9.22
150,Andenes,NO,2021-01-11 01:20:25,69.3143,16.1194,30.99,80,75,11.5
151,Boralday,KZ,2021-01-11 01:20:25,43.3578,76.8594,6.8,72,40,2.24
152,Qaanaaq,GL,2021-01-11 01:11:42,77.484,-69.3632,-0.69,73,0,4.94
153,Wewak,PG,2021-01-11 01:20:25,-3.5534,143.6268,85.55,68,100,5.5
154,Nikolskoye,RU,2021-01-11 01:11:48,59.7035,30.7861,3.99,78,0,8.95
155,Russkiy Kameshkir,RU,2021-01-11 01:20:25,52.8589,46.0892,11.89,96,89,5.99
156,Sabha,LY,2021-01-11 01:18:02,27.0377,14.4283,62.67,30,100,13.38
157,Zhigansk,RU,2021-01-11 01:12:13,66.7697,123.3711,-35.09,82,100,6.62
158,Borovoy,RU,2021-01-11 01:20:25,55.4333,86.0833,6.8,85,90,4.47
159,Biu,NG,2021-01-11 01:20:25,10.6129,12.1946,65.43,27,93,8.52
160,Ilulissat,GL,2021-01-11 01:11:55,69.2167,-51.1,21.2,68,75,2.17
161,Hamilton,US,2021-01-11 01:15:30,39.1834,-84.5333,30.99,80,1,1.7
162,Zonguldak,TR,2021-01-11 01:20:25,41.25,31.8333,48.42,87,100,4.36
163,Liverpool,GB,2021-01-11 01:11:36,53.4106,-2.9779,43.0,81,90,8.05
164,Ahipara,NZ,2021-01-11 01:11:37,-35.1667,173.1667,70.84,57,6,9.53
165,Tamale,GH,2021-01-11 01:16:03,9.4008,-0.8393,81.18,18,22,3.8
166,Nabire,ID,2021-01-11 01:20:26,-3.3667,135.4833,85.96,65,100,2.35
167,Ust-Kuyga,RU,2021-01-11 01:11:59,70.0167,135.6,-32.53,81,89,8.81
168,Aswan,EG,2021-01-11 01:20:26,24.0934,32.907,61.74,58,0,8.39
169,Cabo San Lucas,MX,2021-01-11 01:11:44,22.8909,-109.9124,68.0,73,1,9.22
170,Bengkulu,ID,2021-01-11 01:11:40,-3.8004,102.2655,78.96,79,100,3.53
171,Bredasdorp,ZA,2021-01-11 01:06:53,-34.5322,20.0403,62.6,82,77,4.61
172,Ribeira Grande,PT,2021-01-11 01:11:58,38.5167,-28.7,62.6,90,100,10.04
173,Erzin,TR,2021-01-11 01:20:26,36.9559,36.2,44.6,93,40,2.3
174,Yerbogachen,RU,2021-01-11 01:11:48,61.2767,108.0108,-18.45,87,100,6.35
175,Lashio,MM,2021-01-11 01:20:26,22.9333,97.75,56.79,92,1,1.03
176,Fortuna,US,2021-01-11 01:11:46,40.5982,-124.1573,54.0,87,1,1.19
177,Houma,US,2021-01-11 01:20:26,29.5958,-90.7195,43.0,75,90,11.5
178,Road Town,VG,2021-01-11 01:16:41,18.4167,-64.6167,78.8,83,20,11.5
179,Yaan,NG,2021-01-11 01:20:26,7.3833,8.5667,75.24,46,0,4.03
180,Tazlar,HU,2021-01-11 01:20:26,46.5482,19.5144,32.0,86,100,6.91
181,La Ronge,CA,2021-01-11 01:11:43,55.1001,-105.2842,23.0,74,100,2.3
182,Buala,SB,2021-01-11 01:20:26,-8.145,159.5921,82.15,78,100,6.17
183,Puerto Quijarro,BO,2021-01-11 01:20:26,-17.7833,-57.7667,81.91,65,0,1.68
184,Oyama,JP,2021-01-11 01:12:11,36.3,139.8,36.0,59,75,8.05
185,Hithadhoo,MV,2021-01-11 01:11:36,-0.6,73.0833,81.0,76,100,15.86
186,Namatanai,PG,2021-01-11 01:12:00,-3.6667,152.4333,86.56,63,30,1.45
187,Mandalgovi,MN,2021-01-11 01:20:26,45.7625,106.2708,-1.41,80,98,11.07
188,Cidreira,BR,2021-01-11 01:11:12,-30.1811,-50.2056,76.95,81,67,22.32
189,Yecla,ES,2021-01-11 01:20:27,38.6137,-1.1147,37.99,86,25,4.36
190,Sur,OM,2021-01-11 01:20:27,22.5667,59.5289,64.96,46,0,12.37
191,Evensk,RU,2021-01-11 01:20:27,61.95,159.2333,6.66,92,100,18.14
192,Ostrovnoy,RU,2021-01-11 01:17:20,68.0531,39.5131,6.15,93,21,12.01
193,Upernavik,GL,2021-01-11 01:11:26,72.7868,-56.1549,10.49,86,100,13.06
194,Kavieng,PG,2021-01-11 01:12:03,-2.5744,150.7967,85.33,65,98,1.68
195,Raudeberg,NO,2021-01-11 01:20:27,61.9875,5.1352,30.99,94,100,19.37
196,Goderich,CA,2021-01-11 01:20:27,43.7501,-81.7165,30.2,74,98,8.05
197,Gorontalo,ID,2021-01-11 01:12:11,0.5412,123.0595,86.45,62,0,2.19
198,Katangli,RU,2021-01-11 01:11:57,51.7102,143.2326,-8.39,84,83,12.15
199,Oranjemund,NA,2021-01-11 01:20:27,-28.55,16.4333,61.63,85,1,13.42
200,Tocopilla,CL,2021-01-11 01:20:27,-22.092,-70.1979,68.79,68,47,10.25
201,Pochutla,MX,2021-01-11 01:20:27,15.7432,-96.4661,75.2,78,40,2.33
202,Provideniya,RU,2021-01-11 01:11:36,64.3833,-173.3,-4.0,71,0,2.24
203,Leningradskiy,RU,2021-01-11 01:11:37,69.3833,178.4167,-21.89,83,93,9.4
204,Minab,IR,2021-01-11 01:15:51,27.1467,57.0801,42.8,22,0,4.61
205,Dingle,PH,2021-01-11 01:20:27,10.9995,122.6711,75.06,91,100,12.93
206,Nanortalik,GL,2021-01-11 01:11:45,60.1432,-45.2371,32.2,93,100,3.06
207,Broome,US,2021-01-11 01:20:28,42.2506,-75.833,24.01,86,1,6.91
208,Nuuk,GL,2021-01-11 01:20:28,64.1835,-51.7216,33.8,93,90,31.07
209,Tuatapere,NZ,2021-01-11 01:11:55,-46.1333,167.6833,61.0,61,100,15.99
210,Prescott,US,2021-01-11 01:20:14,34.54,-112.4685,44.01,24,1,1.92
211,San Quintin,MX,2021-01-11 01:20:28,30.4833,-115.95,61.38,55,6,7.85
212,Seoul,KR,2021-01-11 01:20:06,37.5683,126.9778,19.4,68,100,3.44
213,Lasa,IT,2021-01-11 01:11:36,46.6166,10.7002,19.0,77,0,6.06
214,Iqaluit,CA,2021-01-11 01:08:26,63.7506,-68.5145,1.4,71,75,12.66
215,Aksu,CN,2021-01-11 01:20:28,41.1231,80.2644,6.8,80,0,1.97
216,Malartic,CA,2021-01-11 01:20:28,48.1335,-78.1328,8.6,100,20,3.44
217,Cherskiy,RU,2021-01-11 01:11:37,68.75,161.3,-34.74,83,61,1.61
218,Mar Del Plata,AR,2021-01-11 01:09:16,-38.0023,-57.5575,71.01,88,90,16.11
219,Ancud,CL,2021-01-11 01:11:38,-41.8697,-73.8203,46.0,87,75,3.44
220,Mareeba,AU,2021-01-11 01:20:28,-17.0,145.4333,87.8,66,40,4.61
221,Amga,RU,2021-01-11 01:20:28,60.8953,131.9608,-40.18,79,99,0.85
222,Ixtapa,MX,2021-01-11 01:17:17,20.7,-105.2,69.8,83,1,6.91
223,Vestmannaeyjar,IS,2021-01-11 01:11:55,63.4427,-20.2734,29.17,83,0,5.14
224,Carora,VE,2021-01-11 01:20:28,10.1755,-70.0827,74.59,76,39,10.0
225,Mwanza,TZ,2021-01-11 01:20:28,-2.5167,32.9,66.72,82,71,1.7
226,Kaili,ID,2021-01-11 01:20:28,-3.4626,120.2147,77.68,76,12,2.04
227,Puerto Escondido,MX,2021-01-11 01:20:28,15.85,-97.0667,75.2,78,40,2.51
228,Pontes E Lacerda,BR,2021-01-11 01:20:28,-15.2261,-59.3353,78.4,73,99,2.84
229,Dikson,RU,2021-01-11 01:11:39,73.5069,80.5464,21.33,98,100,17.11
230,Narasannapeta,IN,2021-01-11 01:20:29,18.4167,84.05,67.41,82,0,4.52
231,Lagoa,PT,2021-01-11 01:11:54,39.05,-27.9833,61.0,93,12,10.42
232,Quelimane,MZ,2021-01-11 01:20:29,-17.8786,36.8883,80.6,83,0,3.44
233,Dicabisagan,PH,2021-01-11 01:20:29,17.0818,122.4157,70.54,78,100,10.51
234,Cockburn Town,TC,2021-01-11 01:11:53,21.4612,-71.1419,77.0,78,40,11.5
235,Izhevskoye,RU,2021-01-11 01:20:29,54.5567,40.8703,5.07,95,84,5.64
236,Atambua,ID,2021-01-11 01:20:29,-9.1061,124.8925,82.96,74,0,2.46
237,Kawerau,NZ,2021-01-11 01:20:29,-38.1,176.7,87.01,30,0,4.0
238,Bilma,NE,2021-01-11 01:11:40,18.6853,12.9164,68.4,23,0,8.57
239,Paracuru,BR,2021-01-11 01:20:29,-3.41,-39.0306,81.0,74,5,14.0
240,Lazaro Cardenas,MX,2021-01-11 01:12:06,17.9583,-102.2,75.52,77,85,4.76
241,Luderitz,NA,2021-01-11 01:12:03,-26.6481,15.1594,66.58,69,5,23.58
242,Simao,CN,2021-01-11 01:20:29,22.7886,100.9748,50.79,88,100,2.95
243,Port Elizabeth,ZA,2021-01-11 01:11:37,-33.918,25.5701,68.0,77,75,6.91
244,New Norfolk,AU,2021-01-11 01:11:34,-42.7826,147.0587,88.0,18,85,4.0
245,Kabwe,ZM,2021-01-11 01:20:29,-14.4469,28.4464,66.07,96,100,3.94
246,Temirtau,KZ,2021-01-11 01:19:33,50.0544,72.9483,10.4,61,0,8.95
247,Asau,RO,2021-01-11 01:12:06,46.4333,26.4,30.2,100,90,8.05
248,Neuquen,AR,2021-01-11 01:20:30,-38.9516,-68.0591,71.6,40,0,11.5
249,Zhucheng,CN,2021-01-11 01:20:30,35.9947,119.3975,24.49,81,100,5.86
250,Beyneu,KZ,2021-01-11 01:11:58,45.3167,55.2,30.15,88,87,6.78
251,Staryy Nadym,RU,2021-01-11 01:20:30,65.6118,72.6842,-26.66,84,1,4.29
252,Sinjai,ID,2021-01-11 01:12:08,-5.1241,120.253,84.78,71,100,1.23
253,Codrington,AU,2021-01-11 01:11:39,-38.2667,141.9667,90.3,24,100,19.71
254,Baixa Grande,BR,2021-01-11 01:20:30,-11.9597,-40.1681,74.57,80,4,6.13
255,Touros,BR,2021-01-11 01:11:43,-5.1989,-35.4608,80.6,74,40,8.05
256,Havre-Saint-Pierre,CA,2021-01-11 01:11:43,50.2334,-63.5986,6.8,85,1,2.3
257,Jieshi,CN,2021-01-11 01:20:30,22.8134,115.8257,48.0,50,100,1.01
258,Burnie,AU,2021-01-11 01:20:30,-41.0667,145.9167,75.0,52,94,8.99
259,Kaeo,NZ,2021-01-11 01:11:56,-35.1,173.7833,78.01,50,0,5.99
260,Noumea,NC,2021-01-11 01:11:30,-22.2763,166.4572,89.6,70,90,9.22
261,Aklavik,CA,2021-01-11 01:11:42,68.2191,-135.0107,8.6,85,75,2.3
262,Athy,IE,2021-01-11 01:20:30,52.9914,-6.9803,42.01,90,100,3.0
263,Enid,US,2021-01-11 01:11:06,36.3956,-97.8784,35.01,80,1,4.43
264,Sivaki,RU,2021-01-11 01:20:30,52.6333,126.75,-15.97,86,0,4.21
265,Narasaraopet,IN,2021-01-11 01:20:30,16.25,80.0667,68.4,93,100,2.39
266,Khash,IR,2021-01-11 01:20:31,28.2211,61.2158,31.78,54,0,4.23
267,Twentynine Palms,US,2021-01-11 01:18:53,34.1356,-116.0542,55.4,22,1,2.48
268,Samana,DO,2021-01-11 01:20:31,19.2056,-69.3369,74.97,86,100,7.58
269,Hobyo,SO,2021-01-11 01:20:31,5.3505,48.5268,73.85,74,96,20.54
270,Tateyama,JP,2021-01-11 01:20:31,34.9833,139.8667,41.0,38,100,8.01
271,Korsakovo,RU,2021-01-11 01:20:31,53.2677,37.3569,6.98,95,36,6.22
272,Souillac,MU,2021-01-11 01:11:44,-20.5167,57.5167,78.8,94,75,4.61
273,Aguimes,ES,2021-01-11 01:20:31,27.9054,-15.4461,59.0,88,40,12.66
274,Sitka,US,2021-01-11 01:12:05,57.0531,-135.33,44.6,76,90,20.71
275,Bara,NG,2021-01-11 01:20:31,10.3744,10.7288,70.97,22,37,8.72
276,Auki,SB,2021-01-11 01:20:31,-8.7676,160.7034,88.56,60,99,1.05
277,Anloga,GH,2021-01-11 01:20:31,5.7947,0.8973,80.6,89,20,6.91
278,Porto Torres,IT,2021-01-11 01:20:31,40.835,8.3972,46.4,93,0,1.14
279,Goulburn,AU,2021-01-11 01:20:31,-34.75,149.7167,86.0,34,100,1.07
280,Constitucion,CL,2021-01-11 01:11:56,-35.3333,-72.4167,57.99,92,100,4.9
281,Rocha,UY,2021-01-11 01:09:42,-34.4833,-54.3333,72.07,92,40,14.0
282,Cananeia,BR,2021-01-11 01:20:31,-25.0147,-47.9267,77.22,88,100,3.42
283,Araouane,ML,2021-01-11 01:11:42,18.9048,-3.5265,65.43,33,0,13.85
284,Hirara,JP,2021-01-11 01:17:28,24.8,125.2833,64.4,59,75,10.36
285,Cayenne,GF,2021-01-11 01:12:05,4.9333,-52.3333,75.2,100,75,6.91
286,Srednekolymsk,RU,2021-01-11 01:11:40,67.45,153.6833,-31.23,84,94,2.35
287,Inta,RU,2021-01-11 01:20:32,66.0317,60.1659,-12.3,85,1,3.11
288,Ballitoville,ZA,2021-01-11 01:20:32,-29.539,31.2144,68.0,94,90,5.75
289,Valley City,US,2021-01-11 01:20:32,46.9233,-98.0032,28.4,100,1,16.11
290,Springville,US,2021-01-11 01:20:32,40.1652,-111.6107,30.0,74,40,4.61
291,Saint-Pierre,RE,2021-01-11 01:20:32,-21.3393,55.4781,77.0,94,75,8.05
292,Orlik,RU,2021-01-11 01:11:41,52.5178,99.825,-6.92,82,100,3.44
293,Santa Cruz,BO,2021-01-11 01:09:24,-17.8,-63.1667,82.4,78,20,8.05
294,Camanducaia,BR,2021-01-11 01:20:32,-22.7553,-46.1447,73.4,88,75,1.14
295,Antalaha,MG,2021-01-11 01:20:32,-14.9003,50.2788,73.67,89,19,4.38
296,At-Bashi,KG,2021-01-11 01:20:32,41.1702,75.8106,4.17,41,0,3.33
297,Darhan,MN,2021-01-11 01:20:32,49.4867,105.9228,-5.66,84,100,7.14
298,Poum,NC,2021-01-11 01:20:32,-20.2333,164.0167,83.05,80,47,7.99
299,Pizarro,CO,2021-01-11 01:20:32,4.9533,-77.366,76.75,89,100,4.21
300,Vila Velha,BR,2021-01-11 01:07:27,-20.3297,-40.2925,78.8,83,40,9.22
301,Grindavik,IS,2021-01-11 01:12:07,63.8424,-22.4338,19.4,63,0,8.05
302,Nioro,GM,2021-01-11 01:11:49,13.35,-15.75,72.46,28,0,11.18
303,Saint George,US,2021-01-11 01:09:25,37.1041,-113.5841,46.4,31,1,1.99
304,Mahon,ES,2021-01-11 01:20:33,39.8885,4.2658,46.4,87,90,20.71
305,Chifeng,CN,2021-01-11 01:20:33,42.2683,118.9636,1.98,85,32,5.48
306,Krasnoarmeysk,RU,2021-01-11 01:20:33,51.0239,45.6969,15.84,96,42,12.1
307,Jumla,NP,2021-01-11 01:12:07,29.2747,82.1838,37.04,44,89,4.38
308,Necochea,AR,2021-01-11 01:20:33,-38.5473,-58.7368,73.47,45,100,12.46
309,Lorengau,PG,2021-01-11 01:11:45,-2.0226,147.2712,86.45,62,87,3.18
310,Senanga,ZM,2021-01-11 01:20:33,-16.1167,23.2667,67.23,91,100,4.14
311,Veraval,IN,2021-01-11 01:12:02,20.9,70.3667,71.82,45,38,12.66
312,Waunakee,US,2021-01-11 01:20:33,43.1919,-89.4557,21.2,86,90,5.75
313,Clyde River,CA,2021-01-11 01:12:02,70.4692,-68.5914,6.8,85,90,13.8
314,Manta,EC,2021-01-11 01:08:20,-0.95,-80.7333,78.8,73,40,8.05
315,Manado,ID,2021-01-11 01:20:33,1.487,124.8455,84.2,70,20,3.44
316,Alofi,NU,2021-01-11 01:11:45,-19.0595,-169.9187,84.2,79,75,16.11
317,Vao,NC,2021-01-11 01:11:47,-22.6667,167.4833,77.74,89,100,14.09
318,Lavrentiya,RU,2021-01-11 01:11:38,65.5833,-171.0,-14.33,83,100,12.41
319,Beringovskiy,RU,2021-01-11 01:20:33,63.05,179.3167,-20.49,83,2,13.53
320,Tilichiki,RU,2021-01-11 01:12:12,60.4667,166.1,-3.96,93,100,12.26
321,Umm Lajj,SA,2021-01-11 01:20:34,25.0213,37.2685,75.78,37,0,21.03
322,Marawi,PH,2021-01-11 01:20:34,7.9986,124.2928,80.01,85,91,1.01
323,Odweyne,SO,2021-01-11 01:11:53,9.4092,45.064,63.36,39,0,13.96
324,Clarence Town,AU,2021-01-11 01:11:57,-32.5833,151.7833,84.0,50,40,5.75
325,Karratha,AU,2021-01-11 01:11:38,-20.7377,116.8463,94.62,46,26,7.61
326,Soyo,AO,2021-01-11 01:20:34,-6.1349,12.3689,77.32,80,92,8.19
327,East London,ZA,2021-01-11 01:07:01,-33.0153,27.9116,70.11,85,100,14.14
328,Lompoc,US,2021-01-11 01:07:29,34.6391,-120.4579,57.2,76,1,13.8
329,Dubbo,AU,2021-01-11 01:20:34,-32.25,148.6167,80.6,47,0,6.91
330,Mezen,RU,2021-01-11 01:20:34,65.8522,44.24,-5.03,89,0,7.09
331,Esperance,AU,2021-01-11 01:11:57,-33.8667,121.9,64.4,63,90,16.11
332,Luwuk,ID,2021-01-11 01:20:34,-0.9516,122.7875,85.87,61,19,2.37
333,Faya,SA,2021-01-11 01:20:34,18.3851,42.4509,46.4,45,0,3.22
334,Doha,QA,2021-01-11 01:19:32,25.2867,51.5333,64.4,55,0,8.05
335,Silver City,US,2021-01-11 01:20:34,32.7701,-108.2803,35.6,44,90,11.5
336,Sabang,ID,2021-01-11 01:20:34,5.8933,95.3214,80.13,79,100,10.96
337,Kruisfontein,ZA,2021-01-11 01:11:59,-34.0033,24.7314,64.99,81,98,1.01
338,Logrono,ES,2021-01-11 01:20:34,42.4667,-2.45,33.8,69,0,16.11
339,Sitangkai,PH,2021-01-11 01:20:34,4.6628,119.3928,83.1,73,0,6.87
340,Begunitsy,RU,2021-01-11 01:20:34,59.5855,29.3176,3.99,85,0,8.95
341,Fonte Boa,BR,2021-01-11 01:20:35,-2.4959,-66.2662,74.77,88,89,0.25
342,Eyl,SO,2021-01-11 01:20:35,7.9803,49.8164,69.49,73,87,16.62
343,Flinders,AU,2021-01-11 01:11:36,-34.5833,150.8552,82.99,60,4,5.99
344,Takoradi,GH,2021-01-11 01:20:35,4.8845,-1.7554,78.71,87,0,9.42
345,Kisangani,CD,2021-01-11 01:20:35,0.5167,25.2,71.71,75,5,1.28
346,Longyearbyen,SJ,2021-01-11 01:20:35,78.2186,15.6401,28.4,74,75,12.66
347,Konevo,RU,2021-01-11 01:20:35,62.1215,39.3192,-6.23,91,22,4.61
348,Sadao,TH,2021-01-11 01:20:35,6.6388,100.4234,78.8,94,40,3.44
349,Sinnamary,GF,2021-01-11 01:20:35,5.3833,-52.95,78.03,85,84,13.87
350,Abha,SA,2021-01-11 01:19:44,18.2164,42.5053,46.4,45,0,1.77
351,Harper,LR,2021-01-11 01:20:35,4.375,-7.7169,78.58,86,25,7.25
352,Eureka,US,2021-01-11 01:12:12,40.8021,-124.1637,53.01,88,100,2.59
353,Vallenar,CL,2021-01-11 01:19:00,-28.5708,-70.7581,64.63,47,0,2.93
354,Aksarka,RU,2021-01-11 01:20:35,66.5606,67.7975,-16.35,82,57,5.68
355,Kashi,CN,2021-01-11 01:20:35,39.4547,75.9797,6.8,66,0,11.18
356,Nagua,DO,2021-01-11 01:20:36,19.3832,-69.8474,73.99,88,49,6.58
357,Tel Aviv-Yafo,IL,2021-01-11 01:20:36,32.0805,34.7805,57.99,76,0,5.26
358,Kailua,US,2021-01-11 01:20:36,21.4022,-157.7394,84.2,65,40,9.22
359,Itacurubi Del Rosario,PY,2021-01-11 01:20:36,-24.5,-56.6833,73.9,91,15,4.99
360,Porto Walter,BR,2021-01-11 01:20:36,-8.2686,-72.7439,74.23,93,17,1.95
361,Port Keats,AU,2021-01-11 01:20:36,-14.25,129.55,90.84,62,20,4.27
362,Champerico,GT,2021-01-11 01:20:36,14.3,-91.9167,82.4,65,0,4.61
363,Estelle,US,2021-01-11 01:20:36,29.8458,-90.1067,44.01,81,90,13.8
364,Lodeynoye Pole,RU,2021-01-11 01:20:36,60.726,33.5531,-1.12,92,17,3.33
365,Sudak,UA,2021-01-11 01:20:36,44.85,34.9667,36.75,77,100,5.84
366,Riverton,US,2021-01-11 01:17:54,40.5219,-111.9391,30.0,100,1,8.05
367,Hami,CN,2021-01-11 01:11:59,42.8,93.45,10.81,84,1,0.56
368,Itamarandiba,BR,2021-01-11 01:20:36,-17.8572,-42.8589,66.72,98,66,3.06
369,Kavaratti,IN,2021-01-11 01:11:56,10.5669,72.642,82.08,73,59,5.08
370,Balkanabat,TM,2021-01-11 01:20:36,39.5108,54.3671,40.23,55,4,1.97
371,Hasaki,JP,2021-01-11 01:06:54,35.7333,140.8333,36.0,64,75,9.22
372,Buin,CL,2021-01-11 01:12:08,-33.7333,-70.75,68.0,34,0,18.41
373,Batagay-Alyta,RU,2021-01-11 01:20:37,67.8006,130.4114,-31.68,81,66,2.15
374,Vestmanna,FO,2021-01-11 01:20:37,62.1564,-7.1664,30.2,69,75,13.8
375,Gat,IL,2021-01-11 01:11:48,31.61,34.7642,57.99,54,0,1.9
376,Geraldton,AU,2021-01-11 01:20:37,-28.7667,114.6,82.4,36,0,16.11
377,Ningxiang,CN,2021-01-11 01:20:37,37.34,111.2052,9.63,81,96,23.38
378,Camana,PE,2021-01-11 01:20:37,-16.6228,-72.7111,70.84,72,100,5.53
379,Darab,IR,2021-01-11 01:18:29,28.7519,54.5444,42.06,47,0,2.75
380,Waipawa,NZ,2021-01-11 01:20:37,-41.4122,175.5153,68.0,72,20,13.8
381,Mazyr,BY,2021-01-11 01:20:37,52.0495,29.2456,19.87,98,100,3.71
382,Oparino,RU,2021-01-11 01:20:37,59.8518,48.2783,-5.89,90,95,8.23
383,Plettenberg Bay,ZA,2021-01-11 01:20:38,-34.0527,23.3716,63.19,82,1,6.85
384,Atlantic City,US,2021-01-11 01:19:36,39.3643,-74.4229,36.0,74,1,6.22
385,Opole,PL,2021-01-11 01:20:38,50.5,18.0,32.0,96,27,1.01
386,Mount Gambier,AU,2021-01-11 01:09:25,-37.8333,140.7667,95.0,15,100,20.71
387,Kodinar,IN,2021-01-11 01:20:38,20.7903,70.7031,72.27,43,5,10.89
388,Boyolangu,ID,2021-01-11 01:20:38,-8.1181,111.8935,81.63,74,79,0.18
389,Mogadishu,SO,2021-01-11 01:19:46,2.0371,45.3438,74.52,77,0,18.86
390,Gold Coast,AU,2021-01-11 01:12:08,-28.0,153.4333,80.01,53,75,14.97
391,Mayo,US,2021-01-11 01:11:35,38.8876,-76.5119,35.6,80,1,4.9
392,Kununurra,AU,2021-01-11 01:20:38,-15.7667,128.7333,93.2,70,0,5.75
393,Yar-Sale,RU,2021-01-11 01:11:54,66.8333,70.8333,-16.64,83,14,6.29
394,Alto Araguaia,BR,2021-01-11 01:20:38,-17.3147,-53.2153,73.71,80,17,2.15
395,Anadyr,RU,2021-01-11 01:12:12,64.75,177.4833,-29.0,68,0,13.42
396,San Patricio,US,2021-01-11 01:11:54,28.017,-97.5169,42.8,87,90,18.41
397,Chicama,PE,2021-01-11 01:11:49,-7.8447,-79.1469,71.47,75,23,6.26
398,Saldanha,ZA,2021-01-11 01:06:59,-33.0117,17.9442,57.2,77,0,5.75
399,Maicao,CO,2021-01-11 01:20:38,11.3832,-72.2432,78.21,78,42,14.03
400,Puerto Colombia,CO,2021-01-11 01:12:00,10.9878,-74.9547,80.6,83,20,9.22
401,Dustlik,UZ,2021-01-11 01:20:38,40.5247,68.0358,32.72,76,0,13.4
402,Menongue,AO,2021-01-11 01:16:03,-14.6585,17.691,63.07,86,100,3.53
403,Stokmarknes,NO,2021-01-11 01:20:38,68.5646,14.9108,28.99,70,76,3.0
404,Pak Phanang,TH,2021-01-11 01:20:38,8.3511,100.202,78.8,94,20,2.3
405,Maumere,ID,2021-01-11 01:20:39,-8.6199,122.2111,85.32,67,77,1.63
406,Medicine Hat,CA,2021-01-11 01:15:47,50.0501,-110.6683,39.0,60,40,11.5
407,Basco,PH,2021-01-11 01:11:51,20.4487,121.9702,70.07,73,100,21.65
408,Flin Flon,CA,2021-01-11 01:20:39,54.7682,-101.865,15.8,86,40,8.05
409,Wamba,NG,2021-01-11 01:11:49,8.9333,8.6,72.52,21,0,4.52
410,Ketchikan,US,2021-01-11 01:11:36,55.3422,-131.6461,44.6,93,90,28.77
411,Kuito,AO,2021-01-11 01:20:39,-12.3833,16.9333,57.65,91,99,7.07
412,Nova Vicosa,BR,2021-01-11 01:20:39,-17.8919,-39.3719,77.36,86,19,9.86
413,Aseri,EE,2021-01-11 01:20:39,59.4506,26.8675,18.7,95,100,15.88
414,Billings,US,2021-01-11 01:20:25,45.7833,-108.5007,37.0,48,20,18.41
415,Mildura,AU,2021-01-11 01:20:39,-34.2,142.15,97.0,16,98,13.8
416,Portland,US,2021-01-11 01:10:30,45.5234,-122.6762,46.99,81,90,16.11
417,El Tigre,VE,2021-01-11 01:20:39,8.8875,-64.2454,75.24,79,14,14.38
418,Ljungby,SE,2021-01-11 01:20:39,56.8332,13.9408,33.01,100,90,8.05
419,Lichinga,MZ,2021-01-11 01:20:39,-13.3128,35.2406,64.4,100,40,4.61
420,Santiago De Cuba,CU,2021-01-11 01:20:39,20.0247,-75.8219,75.2,78,20,9.22
421,Miri,MY,2021-01-11 01:20:40,4.4148,114.0089,80.6,89,40,5.75
422,Gondanglegi,ID,2021-01-11 01:20:40,-7.7479,112.0132,81.19,77,97,1.54
423,Yulara,AU,2021-01-11 01:12:10,-25.2406,130.9889,91.4,21,0,11.5
424,Rio Gallegos,AR,2021-01-11 01:11:10,-51.6226,-69.2181,46.4,93,90,14.97
425,Panaba,MX,2021-01-11 01:20:40,21.2833,-88.2667,65.52,84,94,9.64
426,Gambela,ET,2021-01-11 01:20:40,8.25,34.5833,75.96,32,100,2.8
427,Raub,MY,2021-01-11 01:19:45,3.7899,101.857,73.04,87,100,3.33
428,Udimskiy,RU,2021-01-11 01:20:40,61.1417,45.9144,-8.64,90,70,8.14
429,Rockland,US,2021-01-11 01:20:40,41.1668,-74.0496,30.99,76,1,2.93
430,Brufut,GM,2021-01-11 01:20:40,13.3814,-16.7518,69.8,49,0,13.8
431,Pilani,IN,2021-01-11 01:20:40,28.3684,75.6041,50.47,48,0,6.26
432,Udachnyy,RU,2021-01-11 01:20:40,66.4167,112.4,-38.43,80,68,3.65
433,Choma,ZM,2021-01-11 01:20:40,-16.8065,26.9531,65.16,97,100,3.74
434,Redcar,GB,2021-01-11 01:20:40,54.6166,-1.06,43.0,89,100,7.0
435,Nahariyya,IL,2021-01-11 01:20:41,33.0059,35.0941,64.26,47,0,5.21
436,Tura,IN,2021-01-11 01:11:51,25.5198,90.2201,61.03,64,3,2.62
437,Front Royal,US,2021-01-11 01:20:41,38.9182,-78.1944,32.0,59,1,0.92
438,Itarema,BR,2021-01-11 01:12:00,-2.9248,-39.9167,78.78,78,99,12.33
439,Kieta,PG,2021-01-11 01:20:41,-6.2167,155.6333,85.95,65,100,4.05
440,Laguna,US,2021-01-11 01:11:40,38.421,-121.4238,53.01,76,90,6.91
441,Lipovtsy,RU,2021-01-11 01:20:41,44.2014,131.7244,0.59,87,0,3.24
442,Yarmouth,US,2021-01-11 01:20:41,41.7057,-70.2286,28.4,80,1,4.7
443,Mugumu,TZ,2021-01-11 01:18:22,-1.85,34.7,60.04,97,100,2.86
444,Dutse,NG,2021-01-11 01:20:41,11.7594,9.3392,63.66,29,0,6.2
445,Jalu,LY,2021-01-11 01:11:39,29.0331,21.5482,63.3,45,66,9.19
446,Chingola,ZM,2021-01-11 01:20:41,-12.529,27.8838,63.59,99,100,5.46
447,Yumen,CN,2021-01-11 01:20:41,40.2833,97.2,16.07,65,100,28.45
448,Yacuiba,BO,2021-01-11 01:20:41,-22.038,-63.6797,82.87,58,100,1.74
449,Port Hedland,AU,2021-01-11 01:08:22,-20.3167,118.5667,89.6,74,90,6.91
450,Ligayan,PH,2021-01-11 01:20:41,4.6533,119.4706,83.16,73,0,6.89
451,Ust-Koksa,RU,2021-01-11 01:20:41,50.2696,85.6108,13.53,90,100,2.98
452,Barsovo,RU,2021-01-11 01:20:41,61.1667,73.1667,-23.8,76,0,6.71
453,Deputatskiy,RU,2021-01-11 01:20:42,69.3,139.9,-33.7,83,60,4.45
454,Porto Novo,BJ,2021-01-11 01:20:42,6.4965,2.6036,80.6,94,40,10.36
455,Farkhor,TJ,2021-01-11 01:20:42,37.4922,69.4036,32.0,100,90,6.42
456,Fort Carson,US,2021-01-11 01:18:07,38.7375,-104.7889,23.0,100,90,2.06
457,Dalvik,IS,2021-01-11 01:20:42,65.9702,-18.5286,17.6,73,90,5.75
458,Muros,ES,2021-01-11 01:20:42,42.7762,-9.0603,46.0,67,10,4.0
459,Nikolayevka,RU,2021-01-11 01:20:42,53.1257,47.2041,6.33,94,65,5.84
460,Sakakah,SA,2021-01-11 01:20:42,29.9697,40.2064,50.0,62,0,3.44
461,Bathsheba,BB,2021-01-11 01:11:52,13.2167,-59.5167,78.8,69,40,25.32
462,Redmond,US,2021-01-11 01:20:03,47.674,-122.1215,48.0,82,100,4.03
463,Sassandra,CI,2021-01-11 01:20:42,4.95,-6.0833,77.59,90,22,7.34
464,Kota Tinggi,MY,2021-01-11 01:20:21,1.7381,103.8999,77.0,88,40,2.3
465,Paita,PE,2021-01-11 01:20:42,-5.0892,-81.1144,70.9,80,8,15.5
466,Los Llanos De Aridane,ES,2021-01-11 01:20:12,28.6585,-17.9182,60.8,72,75,18.41
467,Orbetello,IT,2021-01-11 01:20:42,42.4408,11.2196,41.0,75,20,25.32
468,Forrest City,US,2021-01-11 01:20:42,35.0081,-90.7898,33.8,75,90,8.05
469,Serchhip,IN,2021-01-11 01:20:42,23.3,92.8333,52.79,85,78,2.68
470,Cabedelo,BR,2021-01-11 01:11:45,-6.9811,-34.8339,78.8,78,20,5.75
471,Ovalle,CL,2021-01-11 01:20:43,-30.5983,-71.2003,57.49,55,0,1.99
472,Bilibino,RU,2021-01-11 01:20:43,68.0546,166.4372,-28.44,82,3,0.78
473,Medvedevo,RU,2021-01-11 01:20:43,56.6339,47.804,5.0,85,20,8.95
474,Port Hardy,CA,2021-01-11 01:11:37,50.6996,-127.4199,46.4,93,90,23.02
475,Okha,RU,2021-01-11 01:11:42,53.5739,142.9478,-7.91,89,100,14.97
476,Dabakala,CI,2021-01-11 01:20:43,8.3667,-4.4333,78.78,70,0,6.38
477,Ayan,RU,2021-01-11 01:20:43,56.45,138.1667,-17.03,73,80,10.63
478,Yellapur,IN,2021-01-11 01:20:43,14.9667,74.7167,66.72,89,100,3.33
479,Nome,US,2021-01-11 01:12:01,64.5011,-165.4064,15.8,67,1,10.36
480,Green River,US,2021-01-11 01:20:43,41.5286,-109.4662,19.4,68,1,10.36
481,Alingsas,SE,2021-01-11 01:20:43,57.9303,12.5335,30.99,93,20,10.36
482,Uporovo,RU,2021-01-11 01:20:43,56.3109,66.2693,-5.42,91,100,11.07
483,Birjand,IR,2021-01-11 01:17:50,32.8663,59.2211,17.6,25,0,6.91
484,Bouna,CI,2021-01-11 01:20:43,9.2667,-3.0,77.58,35,0,3.18
485,Tahta,EG,2021-01-11 01:11:51,26.7693,31.5021,55.4,58,0,4.61
486,Vrangel,RU,2021-01-11 01:20:43,42.7297,133.0839,9.05,83,0,6.58
487,Vangaindrano,MG,2021-01-11 01:12:10,-23.35,47.6,74.68,84,45,1.83
488,Saint Helens,GB,2021-01-11 01:20:07,53.45,-2.7333,44.01,81,90,8.05
489,Wanning,CN,2021-01-11 01:20:44,18.8003,110.3967,54.57,79,100,19.57
490,Elko,US,2021-01-11 01:16:50,41.0002,-115.5012,30.2,64,90,4.61
491,Vila Do Maio,CV,2021-01-11 01:20:44,15.1333,-23.2167,69.8,64,75,19.57
492,Port Shepstone,ZA,2021-01-11 01:12:09,-30.7414,30.455,72.84,82,100,8.86
493,Ontario,US,2021-01-11 01:20:44,34.0633,-117.6509,66.2,16,20,3.11
494,Talaya,RU,2021-01-11 01:20:44,61.3833,152.75,-31.77,81,100,3.02
495,Port Hawkesbury,CA,2021-01-11 01:20:44,45.6169,-61.3485,27.0,86,90,9.22
496,Atar,MR,2021-01-11 01:12:08,20.5169,-13.0499,55.99,39,100,12.19
497,Bo Phloi,TH,2021-01-11 01:20:44,14.3236,99.5161,69.08,60,1,10.38
498,San Luis,AR,2021-01-11 01:20:44,-33.295,-66.3356,73.36,67,4,10.92
499,Tabor,CZ,2021-01-11 01:20:44,49.4144,14.6578,28.99,94,99,2.19
500,Los Algarrobos,PA,2021-01-11 01:20:44,8.5,-82.4333,77.0,88,40,3.44
501,Rioja,AR,2021-01-11 01:19:43,-29.4111,-66.8507,86.59,49,4,8.03
502,Portobelo,PA,2021-01-11 01:20:44,9.55,-79.65,79.0,86,100,8.99
503,Takab,IR,2021-01-11 01:20:44,36.4009,47.1133,25.34,60,0,2.91
504,Shirokiy,RU,2021-01-11 01:20:45,49.758,129.523,-12.75,87,54,1.92
505,Muisne,EC,2021-01-11 01:11:52,0.6,-80.0333,78.8,83,40,6.91
506,Masty,BY,2021-01-11 01:20:45,53.4122,24.5387,23.29,98,97,6.06
507,Maragogi,BR,2021-01-11 01:08:08,-9.0122,-35.2225,78.24,79,100,9.44
508,El Angel,EC,2021-01-11 01:20:45,0.6167,-77.9333,42.22,100,21,4.83
509,Kahului,US,2021-01-11 01:11:53,20.8947,-156.47,82.4,51,1,17.27
510,Havre,FR,2021-01-11 01:20:45,49.5833,0.3333,39.2,93,90,4.61
511,Puerto Del Rosario,ES,2021-01-11 01:20:45,28.5004,-13.8627,57.2,72,0,10.36
512,Evanston,US,2021-01-11 01:20:45,42.0411,-87.6901,28.99,74,90,10.36
513,Pingliang,CN,2021-01-11 01:20:45,35.5392,106.6861,16.99,71,0,9.48
514,Boysun,UZ,2021-01-11 01:20:45,38.2061,67.1986,34.84,48,0,5.82
515,Xinyang,CN,2021-01-11 01:20:45,32.1228,114.0656,35.24,65,100,7.16
516,Praia Da Vitoria,PT,2021-01-11 01:12:12,38.7333,-27.0667,59.0,100,20,11.72
517,Dalbandin,PK,2021-01-11 01:20:45,28.8947,64.4101,35.22,63,0,5.28
518,Carbondale,US,2021-01-11 01:20:39,37.7273,-89.2168,28.99,74,90,5.75
519,Nur,PL,2021-01-11 01:20:45,52.6683,22.3221,33.01,82,100,5.01
520,Elliot Lake,CA,2021-01-11 01:20:45,46.3834,-82.6331,32.0,80,90,10.36
521,Bennington,US,2021-01-11 01:20:45,42.8781,-73.1968,19.0,86,1,0.36
522,Verkhoyansk,RU,2021-01-11 01:16:00,67.5447,133.385,-31.23,81,95,3.31
523,Buraydah,SA,2021-01-11 01:12:08,26.326,43.975,51.8,93,0,4.61
524,Muroto,JP,2021-01-11 01:20:46,33.2833,134.15,41.0,52,75,8.05
525,Portel,BR,2021-01-11 01:20:46,-1.9356,-50.8211,75.74,92,95,3.49
526,Qaqortoq,GL,2021-01-11 01:12:11,60.7167,-46.0333,42.8,31,90,23.02
527,Igrim,RU,2021-01-11 01:20:46,63.1906,64.4162,-23.39,86,57,5.06
528,Ahraura,IN,2021-01-11 01:20:46,25.0167,83.0167,59.0,88,22,3.44
